{"Tectonic regime": {"data": [0.4841628959276018, 0.17647058823529413, 0.1583710407239819, 0.12669683257918551, 0.042986425339366516, 0.004524886877828055, 0.0022624434389140274, 0.0022624434389140274, 0.0022624434389140274], "xvals": ["COMPRESSION", "EXTENSION", "INVERSION", "GRAVITY", "STRIKE-SLIP", "TRANSPRESSION", "EVAPORITE", "UPLIFT", "TRANSTENSION"]}, "Period": {"data": [0.25565610859728505, 0.1425339366515837, 0.13122171945701358, 0.1085972850678733, 0.09049773755656108, 0.08144796380090498, 0.049773755656108594, 0.027149321266968326, 0.020361990950226245, 0.013574660633484163, 0.013574660633484163, 0.00904977375565611, 0.00904977375565611, 0.006787330316742082, 0.006787330316742082, 0.004524886877828055, 0.004524886877828055, 0.0022624434389140274, 0.0022624434389140274, 0.0022624434389140274, 0.0022624434389140274, 0.0022624434389140274, 0.0022624434389140274, 0.0022624434389140274, 0.0022624434389140274, 0.0022624434389140274, 0.0022624434389140274, 0.0022624434389140274], "xvals": ["CRETACEOUS", "NEOGENE", "JURASSIC", "PALEOGENE", "CARBONIFEROUS", "PERMIAN", "DEVONIAN", "TRIASSIC", "CRETACEOUS-PALEOGENE", "PROTEROZOIC", "CARBONIFEROUS-PERMIAN", "ORDOVICIAN", "PALEOGENE-NEOGENE", "TRIASSIC-JURASSIC", "SILURIAN", "JURASSIC-CRETACEOUS", "CAMBRIAN-ORDOVICIAN", "DEVONIAN-CARBONIFEROUS", "ARCHEAN", "PROTEROZOIC-CAMBRIAN", "PERMIAN-TRIASSIC", "DEVONIAN-PERMIAN", "CAMBRIAN", "CARBONIFEROUS-CRETACEOUS", "PALEOZOIC", "PALEOZOIC-CRETACEOUS", "CAMBRIAN-ORDOVICIAN/CARBONIFEROUS", "MESOZOIC"]}, "Lithology": {"data": [0.5610859728506787, 0.14479638009049775, 0.1425339366515837, 0.024886877828054297, 0.020361990950226245, 0.020361990950226245, 0.01809954751131222, 0.01583710407239819, 0.01583710407239819, 0.011312217194570135, 0.00904977375565611, 0.004524886877828055, 0.0022624434389140274, 0.0022624434389140274, 0.0022624434389140274, 0.0022624434389140274, 0.0022624434389140274], "xvals": ["SANDSTONE", "DOLOMITE", "LIMESTONE", "LOW-RESISTIVITY SANDSTONE", "THINLY-BEDDED SANDSTONE", "CHALKY LIMESTONE", "CHALK", "SHALY SANDSTONE", "CONGLOMERATE", "SILTSTONE", "DOLOMITIC LIMESTONE", "VOLCANICS", "SHALE", "DIATOMITE", "CHERT", "GLAUCONITIC SANDSTONE", "BASEMENT"]}, "Structural setting": {"data": [0.27601809954751133, 0.17420814479638008, 0.10180995475113122, 0.09954751131221719, 0.083710407239819, 0.07013574660633484, 0.042986425339366516, 0.042986425339366516, 0.04072398190045249, 0.038461538461538464, 0.01809954751131222, 0.011312217194570135], "xvals": ["FORELAND", "RIFT", "SALT", "INTRACRATONIC", "INVERSION", "THRUST", "PASSIVE MARGIN", "DELTA", "WRENCH", "SUB-SALT", "SUB-THRUST", "BACKARC"]}, "Gross": {"data": [0.8506787330316742, 0.09276018099547512, 0.01809954751131222, 0.004524886877828055, 0.011312217194570135, 0.011312217194570135, 0.006787330316742082, 0.0, 0.0022624434389140274, 0.0022624434389140274], "xvals": ["3.3 - 377.97", "377.97 - 752.64", "752.64 - 1127.31", "1127.31 - 1501.98", "1501.98 - 1876.65", "1876.65 - 2251.32", "2251.32 - 2625.99", "2625.99 - 3000.66", "3000.66 - 3375.33", "3375.33 - 3750.0"]}, "Netpay": {"data": [0.8212669683257918, 0.13122171945701358, 0.020361990950226245, 0.013574660633484163, 0.004524886877828055, 0.004524886877828055, 0.0, 0.0, 0.0022624434389140274, 0.0022624434389140274], "xvals": ["0.0 - 89.28", "89.28 - 178.56", "178.56 - 267.84", "267.84 - 357.12", "357.12 - 446.4", "446.4 - 535.68", "535.68 - 624.96", "624.96 - 714.24", "714.24 - 803.52", "803.52 - 892.8"]}, "Porosity": {"data": [0.05656108597285068, 0.17194570135746606, 0.2669683257918552, 0.2171945701357466, 0.2081447963800905, 0.058823529411764705, 0.01809954751131222, 0.0, 0.0, 0.0022624434389140274], "xvals": ["1.1 - 6.49", "6.49 - 11.88", "11.88 - 17.27", "17.27 - 22.66", "22.66 - 28.05", "28.05 - 33.44", "33.44 - 38.83", "38.83 - 44.22", "44.22 - 49.61", "49.61 - 55.0"]}, "Permeability": {"data": [0.8235294117647058, 0.09276018099547512, 0.05429864253393665, 0.020361990950226245, 0.00904977375565611, 0.004524886877828055, 0.00904977375565611, 0.004524886877828055, 0.0022624434389140274, 0.006787330316742082], "xvals": ["0.0 - 750.0", "750.0 - 1500.0", "1500.0 - 2250.0", "2250.0 - 3000.0", "3000.0 - 3750.0", "3750.0 - 4500.0", "4500.0 - 5250.0", "5250.0 - 6000.0", "6000.0 - 6750.0", "6750.0 - 7500.0"]}, "Depth": {"data": [0.09502262443438914, 0.18552036199095023, 0.2149321266968326, 0.17194570135746606, 0.167420814479638, 0.09276018099547512, 0.038461538461538464, 0.024886877828054297, 0.0022624434389140274, 0.006787330316742082], "xvals": ["66.0 - 656.04", "656.04 - 1246.08", "1246.08 - 1836.12", "1836.12 - 2426.16", "2426.16 - 3016.2", "3016.2 - 3606.24", "3606.24 - 4196.28", "4196.28 - 4786.32", "4786.32 - 5376.36", "5376.36 - 5966.4"]}}