{"age": {"data": [0.09276018099547512, 0.10180995475113122, 0.23755656108597284, 0.22850678733031674, 0.13800904977375567, 0.08823529411764706, 0.07239819004524888, 0.029411764705882353, 0.00904977375565611, 0.0022624434389140274], "xvals": ["18.0 - 24.3", "24.3 - 30.6", "30.6 - 36.9", "36.9 - 43.2", "43.2 - 49.5", "49.5 - 55.8", "55.8 - 62.1", "62.1 - 68.4", "68.4 - 74.7", "74.7 - 81.0"]}, "sex": {"data": [0.5678733031674208, 0.4321266968325792], "xvals": [2, 1]}, "has_pets": {"data": [0.9638009049773756, 0.03619909502262444], "xvals": [0, 1]}, "is_parent": {"data": [0.6153846153846154, 0.38461538461538464], "xvals": [0, 1]}, "relation": {"data": [0.7918552036199095, 0.1515837104072398, 0.038461538461538464, 0.006787330316742082, 0.006787330316742082, 0.0022624434389140274, 0.0022624434389140274], "xvals": [0, 4, 1, 3, 7, 2, 6]}, "is_driver": {"data": [0.9864253393665159, 0.013574660633484163], "xvals": [0, 1]}, "tr_per_month": {"data": [0.665158371040724, 0.20588235294117646, 0.058823529411764705, 0.038461538461538464, 0.020361990950226245, 0.006787330316742082, 0.0, 0.0, 0.0022624434389140274, 0.0022624434389140274], "xvals": ["0.2 - 18.08", "18.08 - 35.97", "35.97 - 53.86", "53.86 - 71.75", "71.75 - 89.64", "89.64 - 107.53", "107.53 - 125.41", "125.41 - 143.3", "143.3 - 161.19", "161.19 - 179.08"]}, "median_tr": {"data": [0.8642533936651584, 0.05656108597285068, 0.02262443438914027, 0.024886877828054297, 0.004524886877828055, 0.00904977375565611, 0.006787330316742082, 0.00904977375565611, 0.0, 0.0022624434389140274], "xvals": ["45.0 - 5040.5", "5040.5 - 10036.0", "10036.0 - 15031.5", "15031.5 - 20027.0", "20027.0 - 25022.5", "25022.5 - 30018.0", "30018.0 - 35013.5", "35013.5 - 40009.0", "40009.0 - 45004.5", "45004.5 - 50000.0"]}, "mean_tr": {"data": [0.830316742081448, 0.08144796380090498, 0.05429864253393665, 0.01583710407239819, 0.006787330316742082, 0.004524886877828055, 0.0, 0.004524886877828055, 0.0, 0.0022624434389140274], "xvals": ["45.0 - 8080.48", "8080.48 - 16115.96", "16115.96 - 24151.44", "24151.44 - 32186.91", "32186.91 - 40222.39", "40222.39 - 48257.87", "48257.87 - 56293.35", "56293.35 - 64328.83", "64328.83 - 72364.31", "72364.31 - 80399.78"]}}